trial_number,shape,shape_path,strong_context,neutral_context,context1,context1_image,context2,context2_image,variant
1,Shape_3_1,/Users/mehtaka/Desktop/Columbia/Nuttida_Lab/Utah/ContextCategorizationTask/STIMULI/Shapes/Shape_3_1.png,sky,bedroom,sky,/Users/mehtaka/Desktop/Columbia/Nuttida_Lab/Utah/ContextCategorizationTask/STIMULI/Context_Images/sky1.png,bedroom,/Users/mehtaka/Desktop/Columbia/Nuttida_Lab/Utah/ContextCategorizationTask/STIMULI/Context_Images/bedroom1.png,original
2,Shape_3_2,/Users/mehtaka/Desktop/Columbia/Nuttida_Lab/Utah/ContextCategorizationTask/STIMULI/Shapes/Shape_3_2.png,acorn,bedroom,bedroom,/Users/mehtaka/Desktop/Columbia/Nuttida_Lab/Utah/ContextCategorizationTask/STIMULI/Context_Images/bedroom2.png,acorn,/Users/mehtaka/Desktop/Columbia/Nuttida_Lab/Utah/ContextCategorizationTask/STIMULI/Context_Images/acorn2.png,control_context_swapped
3,Shape_0_0,/Users/mehtaka/Desktop/Columbia/Nuttida_Lab/Utah/ContextCategorizationTask/STIMULI/Shapes/Shape_0_0.png,carrot,cinema,carrot,/Users/mehtaka/Desktop/Columbia/Nuttida_Lab/Utah/ContextCategorizationTask/STIMULI/Context_Images/carrot_2.png,cinema,/Users/mehtaka/Desktop/Columbia/Nuttida_Lab/Utah/ContextCategorizationTask/STIMULI/Context_Images/cinema_2.png,control_context
4,Shape_3_1,/Users/mehtaka/Desktop/Columbia/Nuttida_Lab/Utah/ContextCategorizationTask/STIMULI/Shapes/Shape_3_1.png,sky,bedroom,sky,/Users/mehtaka/Desktop/Columbia/Nuttida_Lab/Utah/ContextCategorizationTask/STIMULI/Context_Images/sky2.png,bedroom,/Users/mehtaka/Desktop/Columbia/Nuttida_Lab/Utah/ContextCategorizationTask/STIMULI/Context_Images/bedroom2.png,control_context
5,Shape_3_3,/Users/mehtaka/Desktop/Columbia/Nuttida_Lab/Utah/ContextCategorizationTask/STIMULI/Shapes/Shape_3_3.png,acorn,wall,acorn,/Users/mehtaka/Desktop/Columbia/Nuttida_Lab/Utah/ContextCategorizationTask/STIMULI/Context_Images/acorn1.png,wall,/Users/mehtaka/Desktop/Columbia/Nuttida_Lab/Utah/ContextCategorizationTask/STIMULI/Context_Images/wall_1.png,original
6,Shape_3_0,/Users/mehtaka/Desktop/Columbia/Nuttida_Lab/Utah/ContextCategorizationTask/STIMULI/Shapes/Shape_3_0.png,sky,cinema,sky,/Users/mehtaka/Desktop/Columbia/Nuttida_Lab/Utah/ContextCategorizationTask/STIMULI/Context_Images/sky2.png,cinema,/Users/mehtaka/Desktop/Columbia/Nuttida_Lab/Utah/ContextCategorizationTask/STIMULI/Context_Images/cinema_2.png,control_context
7,Shape_0_0,/Users/mehtaka/Desktop/Columbia/Nuttida_Lab/Utah/ContextCategorizationTask/STIMULI/Shapes/Shape_0_0.png,carrot,cinema,cinema,/Users/mehtaka/Desktop/Columbia/Nuttida_Lab/Utah/ContextCategorizationTask/STIMULI/Context_Images/cinema_1.png,carrot,/Users/mehtaka/Desktop/Columbia/Nuttida_Lab/Utah/ContextCategorizationTask/STIMULI/Context_Images/carrot_1.png,context_swapped
8,Shape_1_3,/Users/mehtaka/Desktop/Columbia/Nuttida_Lab/Utah/ContextCategorizationTask/STIMULI/Shapes/Shape_1_3.png,pond,bookstore,pond,/Users/mehtaka/Desktop/Columbia/Nuttida_Lab/Utah/ContextCategorizationTask/STIMULI/Context_Images/pond1.png,bookstore,/Users/mehtaka/Desktop/Columbia/Nuttida_Lab/Utah/ContextCategorizationTask/STIMULI/Context_Images/bookstore_1.png,original
9,Shape_2_2,/Users/mehtaka/Desktop/Columbia/Nuttida_Lab/Utah/ContextCategorizationTask/STIMULI/Shapes/Shape_2_2.png,acorn,cinema,cinema,/Users/mehtaka/Desktop/Columbia/Nuttida_Lab/Utah/ContextCategorizationTask/STIMULI/Context_Images/cinema_2.png,acorn,/Users/mehtaka/Desktop/Columbia/Nuttida_Lab/Utah/ContextCategorizationTask/STIMULI/Context_Images/acorn2.png,control_context_swapped
10,Shape_1_0,/Users/mehtaka/Desktop/Columbia/Nuttida_Lab/Utah/ContextCategorizationTask/STIMULI/Shapes/Shape_1_0.png,carrot,bedroom,carrot,/Users/mehtaka/Desktop/Columbia/Nuttida_Lab/Utah/ContextCategorizationTask/STIMULI/Context_Images/carrot_2.png,bedroom,/Users/mehtaka/Desktop/Columbia/Nuttida_Lab/Utah/ContextCategorizationTask/STIMULI/Context_Images/bedroom2.png,control_context
11,Shape_2_3,/Users/mehtaka/Desktop/Columbia/Nuttida_Lab/Utah/ContextCategorizationTask/STIMULI/Shapes/Shape_2_3.png,acorn,wall,wall,/Users/mehtaka/Desktop/Columbia/Nuttida_Lab/Utah/ContextCategorizationTask/STIMULI/Context_Images/wall_1.png,acorn,/Users/mehtaka/Desktop/Columbia/Nuttida_Lab/Utah/ContextCategorizationTask/STIMULI/Context_Images/acorn1.png,context_swapped
12,Shape_1_3,/Users/mehtaka/Desktop/Columbia/Nuttida_Lab/Utah/ContextCategorizationTask/STIMULI/Shapes/Shape_1_3.png,pond,bookstore,bookstore,/Users/mehtaka/Desktop/Columbia/Nuttida_Lab/Utah/ContextCategorizationTask/STIMULI/Context_Images/bookstore_2.png,pond,/Users/mehtaka/Desktop/Columbia/Nuttida_Lab/Utah/ContextCategorizationTask/STIMULI/Context_Images/pond2.png,control_context_swapped
13,Shape_0_1,/Users/mehtaka/Desktop/Columbia/Nuttida_Lab/Utah/ContextCategorizationTask/STIMULI/Shapes/Shape_0_1.png,carrot,bookstore,carrot,/Users/mehtaka/Desktop/Columbia/Nuttida_Lab/Utah/ContextCategorizationTask/STIMULI/Context_Images/carrot_1.png,bookstore,/Users/mehtaka/Desktop/Columbia/Nuttida_Lab/Utah/ContextCategorizationTask/STIMULI/Context_Images/bookstore_1.png,original
14,Shape_2_0,/Users/mehtaka/Desktop/Columbia/Nuttida_Lab/Utah/ContextCategorizationTask/STIMULI/Shapes/Shape_2_0.png,sky,wall,wall,/Users/mehtaka/Desktop/Columbia/Nuttida_Lab/Utah/ContextCategorizationTask/STIMULI/Context_Images/wall_1.png,sky,/Users/mehtaka/Desktop/Columbia/Nuttida_Lab/Utah/ContextCategorizationTask/STIMULI/Context_Images/sky1.png,context_swapped
15,Shape_0_2,/Users/mehtaka/Desktop/Columbia/Nuttida_Lab/Utah/ContextCategorizationTask/STIMULI/Shapes/Shape_0_2.png,pond,bookstore,pond,/Users/mehtaka/Desktop/Columbia/Nuttida_Lab/Utah/ContextCategorizationTask/STIMULI/Context_Images/pond1.png,bookstore,/Users/mehtaka/Desktop/Columbia/Nuttida_Lab/Utah/ContextCategorizationTask/STIMULI/Context_Images/bookstore_1.png,original
16,Shape_2_3,/Users/mehtaka/Desktop/Columbia/Nuttida_Lab/Utah/ContextCategorizationTask/STIMULI/Shapes/Shape_2_3.png,acorn,wall,wall,/Users/mehtaka/Desktop/Columbia/Nuttida_Lab/Utah/ContextCategorizationTask/STIMULI/Context_Images/wall_2.png,acorn,/Users/mehtaka/Desktop/Columbia/Nuttida_Lab/Utah/ContextCategorizationTask/STIMULI/Context_Images/acorn2.png,control_context_swapped
17,Shape_1_2,/Users/mehtaka/Desktop/Columbia/Nuttida_Lab/Utah/ContextCategorizationTask/STIMULI/Shapes/Shape_1_2.png,pond,wall,wall,/Users/mehtaka/Desktop/Columbia/Nuttida_Lab/Utah/ContextCategorizationTask/STIMULI/Context_Images/wall_2.png,pond,/Users/mehtaka/Desktop/Columbia/Nuttida_Lab/Utah/ContextCategorizationTask/STIMULI/Context_Images/pond2.png,control_context_swapped
18,Shape_1_1,/Users/mehtaka/Desktop/Columbia/Nuttida_Lab/Utah/ContextCategorizationTask/STIMULI/Shapes/Shape_1_1.png,carrot,bookstore,carrot,/Users/mehtaka/Desktop/Columbia/Nuttida_Lab/Utah/ContextCategorizationTask/STIMULI/Context_Images/carrot_1.png,bookstore,/Users/mehtaka/Desktop/Columbia/Nuttida_Lab/Utah/ContextCategorizationTask/STIMULI/Context_Images/bookstore_1.png,original
19,Shape_2_3,/Users/mehtaka/Desktop/Columbia/Nuttida_Lab/Utah/ContextCategorizationTask/STIMULI/Shapes/Shape_2_3.png,acorn,wall,acorn,/Users/mehtaka/Desktop/Columbia/Nuttida_Lab/Utah/ContextCategorizationTask/STIMULI/Context_Images/acorn1.png,wall,/Users/mehtaka/Desktop/Columbia/Nuttida_Lab/Utah/ContextCategorizationTask/STIMULI/Context_Images/wall_1.png,original
20,Shape_1_1,/Users/mehtaka/Desktop/Columbia/Nuttida_Lab/Utah/ContextCategorizationTask/STIMULI/Shapes/Shape_1_1.png,carrot,bookstore,carrot,/Users/mehtaka/Desktop/Columbia/Nuttida_Lab/Utah/ContextCategorizationTask/STIMULI/Context_Images/carrot_2.png,bookstore,/Users/mehtaka/Desktop/Columbia/Nuttida_Lab/Utah/ContextCategorizationTask/STIMULI/Context_Images/bookstore_2.png,control_context
21,Shape_0_3,/Users/mehtaka/Desktop/Columbia/Nuttida_Lab/Utah/ContextCategorizationTask/STIMULI/Shapes/Shape_0_3.png,pond,cinema,cinema,/Users/mehtaka/Desktop/Columbia/Nuttida_Lab/Utah/ContextCategorizationTask/STIMULI/Context_Images/cinema_1.png,pond,/Users/mehtaka/Desktop/Columbia/Nuttida_Lab/Utah/ContextCategorizationTask/STIMULI/Context_Images/pond1.png,context_swapped
22,Shape_0_1,/Users/mehtaka/Desktop/Columbia/Nuttida_Lab/Utah/ContextCategorizationTask/STIMULI/Shapes/Shape_0_1.png,carrot,bookstore,bookstore,/Users/mehtaka/Desktop/Columbia/Nuttida_Lab/Utah/ContextCategorizationTask/STIMULI/Context_Images/bookstore_1.png,carrot,/Users/mehtaka/Desktop/Columbia/Nuttida_Lab/Utah/ContextCategorizationTask/STIMULI/Context_Images/carrot_1.png,context_swapped
23,Shape_2_3,/Users/mehtaka/Desktop/Columbia/Nuttida_Lab/Utah/ContextCategorizationTask/STIMULI/Shapes/Shape_2_3.png,acorn,wall,acorn,/Users/mehtaka/Desktop/Columbia/Nuttida_Lab/Utah/ContextCategorizationTask/STIMULI/Context_Images/acorn2.png,wall,/Users/mehtaka/Desktop/Columbia/Nuttida_Lab/Utah/ContextCategorizationTask/STIMULI/Context_Images/wall_2.png,control_context
24,Shape_3_2,/Users/mehtaka/Desktop/Columbia/Nuttida_Lab/Utah/ContextCategorizationTask/STIMULI/Shapes/Shape_3_2.png,acorn,bedroom,acorn,/Users/mehtaka/Desktop/Columbia/Nuttida_Lab/Utah/ContextCategorizationTask/STIMULI/Context_Images/acorn2.png,bedroom,/Users/mehtaka/Desktop/Columbia/Nuttida_Lab/Utah/ContextCategorizationTask/STIMULI/Context_Images/bedroom2.png,control_context
25,Shape_1_1,/Users/mehtaka/Desktop/Columbia/Nuttida_Lab/Utah/ContextCategorizationTask/STIMULI/Shapes/Shape_1_1.png,carrot,bookstore,bookstore,/Users/mehtaka/Desktop/Columbia/Nuttida_Lab/Utah/ContextCategorizationTask/STIMULI/Context_Images/bookstore_2.png,carrot,/Users/mehtaka/Desktop/Columbia/Nuttida_Lab/Utah/ContextCategorizationTask/STIMULI/Context_Images/carrot_2.png,control_context_swapped
26,Shape_3_0,/Users/mehtaka/Desktop/Columbia/Nuttida_Lab/Utah/ContextCategorizationTask/STIMULI/Shapes/Shape_3_0.png,sky,cinema,cinema,/Users/mehtaka/Desktop/Columbia/Nuttida_Lab/Utah/ContextCategorizationTask/STIMULI/Context_Images/cinema_2.png,sky,/Users/mehtaka/Desktop/Columbia/Nuttida_Lab/Utah/ContextCategorizationTask/STIMULI/Context_Images/sky2.png,control_context_swapped
27,Shape_1_3,/Users/mehtaka/Desktop/Columbia/Nuttida_Lab/Utah/ContextCategorizationTask/STIMULI/Shapes/Shape_1_3.png,pond,bookstore,pond,/Users/mehtaka/Desktop/Columbia/Nuttida_Lab/Utah/ContextCategorizationTask/STIMULI/Context_Images/pond2.png,bookstore,/Users/mehtaka/Desktop/Columbia/Nuttida_Lab/Utah/ContextCategorizationTask/STIMULI/Context_Images/bookstore_2.png,control_context
28,Shape_3_2,/Users/mehtaka/Desktop/Columbia/Nuttida_Lab/Utah/ContextCategorizationTask/STIMULI/Shapes/Shape_3_2.png,acorn,bedroom,acorn,/Users/mehtaka/Desktop/Columbia/Nuttida_Lab/Utah/ContextCategorizationTask/STIMULI/Context_Images/acorn1.png,bedroom,/Users/mehtaka/Desktop/Columbia/Nuttida_Lab/Utah/ContextCategorizationTask/STIMULI/Context_Images/bedroom1.png,original
29,Shape_1_1,/Users/mehtaka/Desktop/Columbia/Nuttida_Lab/Utah/ContextCategorizationTask/STIMULI/Shapes/Shape_1_1.png,carrot,bookstore,bookstore,/Users/mehtaka/Desktop/Columbia/Nuttida_Lab/Utah/ContextCategorizationTask/STIMULI/Context_Images/bookstore_1.png,carrot,/Users/mehtaka/Desktop/Columbia/Nuttida_Lab/Utah/ContextCategorizationTask/STIMULI/Context_Images/carrot_1.png,context_swapped
30,Shape_1_2,/Users/mehtaka/Desktop/Columbia/Nuttida_Lab/Utah/ContextCategorizationTask/STIMULI/Shapes/Shape_1_2.png,pond,wall,wall,/Users/mehtaka/Desktop/Columbia/Nuttida_Lab/Utah/ContextCategorizationTask/STIMULI/Context_Images/wall_1.png,pond,/Users/mehtaka/Desktop/Columbia/Nuttida_Lab/Utah/ContextCategorizationTask/STIMULI/Context_Images/pond1.png,context_swapped
31,Shape_2_0,/Users/mehtaka/Desktop/Columbia/Nuttida_Lab/Utah/ContextCategorizationTask/STIMULI/Shapes/Shape_2_0.png,sky,wall,sky,/Users/mehtaka/Desktop/Columbia/Nuttida_Lab/Utah/ContextCategorizationTask/STIMULI/Context_Images/sky1.png,wall,/Users/mehtaka/Desktop/Columbia/Nuttida_Lab/Utah/ContextCategorizationTask/STIMULI/Context_Images/wall_1.png,original
32,Shape_0_0,/Users/mehtaka/Desktop/Columbia/Nuttida_Lab/Utah/ContextCategorizationTask/STIMULI/Shapes/Shape_0_0.png,carrot,cinema,carrot,/Users/mehtaka/Desktop/Columbia/Nuttida_Lab/Utah/ContextCategorizationTask/STIMULI/Context_Images/carrot_1.png,cinema,/Users/mehtaka/Desktop/Columbia/Nuttida_Lab/Utah/ContextCategorizationTask/STIMULI/Context_Images/cinema_1.png,original
33,Shape_1_0,/Users/mehtaka/Desktop/Columbia/Nuttida_Lab/Utah/ContextCategorizationTask/STIMULI/Shapes/Shape_1_0.png,carrot,bedroom,carrot,/Users/mehtaka/Desktop/Columbia/Nuttida_Lab/Utah/ContextCategorizationTask/STIMULI/Context_Images/carrot_1.png,bedroom,/Users/mehtaka/Desktop/Columbia/Nuttida_Lab/Utah/ContextCategorizationTask/STIMULI/Context_Images/bedroom1.png,original
34,Shape_0_2,/Users/mehtaka/Desktop/Columbia/Nuttida_Lab/Utah/ContextCategorizationTask/STIMULI/Shapes/Shape_0_2.png,pond,bookstore,bookstore,/Users/mehtaka/Desktop/Columbia/Nuttida_Lab/Utah/ContextCategorizationTask/STIMULI/Context_Images/bookstore_2.png,pond,/Users/mehtaka/Desktop/Columbia/Nuttida_Lab/Utah/ContextCategorizationTask/STIMULI/Context_Images/pond2.png,control_context_swapped
35,Shape_2_0,/Users/mehtaka/Desktop/Columbia/Nuttida_Lab/Utah/ContextCategorizationTask/STIMULI/Shapes/Shape_2_0.png,sky,wall,sky,/Users/mehtaka/Desktop/Columbia/Nuttida_Lab/Utah/ContextCategorizationTask/STIMULI/Context_Images/sky2.png,wall,/Users/mehtaka/Desktop/Columbia/Nuttida_Lab/Utah/ContextCategorizationTask/STIMULI/Context_Images/wall_2.png,control_context
36,Shape_0_3,/Users/mehtaka/Desktop/Columbia/Nuttida_Lab/Utah/ContextCategorizationTask/STIMULI/Shapes/Shape_0_3.png,pond,cinema,cinema,/Users/mehtaka/Desktop/Columbia/Nuttida_Lab/Utah/ContextCategorizationTask/STIMULI/Context_Images/cinema_2.png,pond,/Users/mehtaka/Desktop/Columbia/Nuttida_Lab/Utah/ContextCategorizationTask/STIMULI/Context_Images/pond2.png,control_context_swapped
37,Shape_0_2,/Users/mehtaka/Desktop/Columbia/Nuttida_Lab/Utah/ContextCategorizationTask/STIMULI/Shapes/Shape_0_2.png,pond,bookstore,bookstore,/Users/mehtaka/Desktop/Columbia/Nuttida_Lab/Utah/ContextCategorizationTask/STIMULI/Context_Images/bookstore_1.png,pond,/Users/mehtaka/Desktop/Columbia/Nuttida_Lab/Utah/ContextCategorizationTask/STIMULI/Context_Images/pond1.png,context_swapped
38,Shape_2_1,/Users/mehtaka/Desktop/Columbia/Nuttida_Lab/Utah/ContextCategorizationTask/STIMULI/Shapes/Shape_2_1.png,sky,bedroom,sky,/Users/mehtaka/Desktop/Columbia/Nuttida_Lab/Utah/ContextCategorizationTask/STIMULI/Context_Images/sky1.png,bedroom,/Users/mehtaka/Desktop/Columbia/Nuttida_Lab/Utah/ContextCategorizationTask/STIMULI/Context_Images/bedroom1.png,original
39,Shape_2_2,/Users/mehtaka/Desktop/Columbia/Nuttida_Lab/Utah/ContextCategorizationTask/STIMULI/Shapes/Shape_2_2.png,acorn,cinema,cinema,/Users/mehtaka/Desktop/Columbia/Nuttida_Lab/Utah/ContextCategorizationTask/STIMULI/Context_Images/cinema_1.png,acorn,/Users/mehtaka/Desktop/Columbia/Nuttida_Lab/Utah/ContextCategorizationTask/STIMULI/Context_Images/acorn1.png,context_swapped
40,Shape_2_1,/Users/mehtaka/Desktop/Columbia/Nuttida_Lab/Utah/ContextCategorizationTask/STIMULI/Shapes/Shape_2_1.png,sky,bedroom,bedroom,/Users/mehtaka/Desktop/Columbia/Nuttida_Lab/Utah/ContextCategorizationTask/STIMULI/Context_Images/bedroom2.png,sky,/Users/mehtaka/Desktop/Columbia/Nuttida_Lab/Utah/ContextCategorizationTask/STIMULI/Context_Images/sky2.png,control_context_swapped
41,Shape_0_1,/Users/mehtaka/Desktop/Columbia/Nuttida_Lab/Utah/ContextCategorizationTask/STIMULI/Shapes/Shape_0_1.png,carrot,bookstore,carrot,/Users/mehtaka/Desktop/Columbia/Nuttida_Lab/Utah/ContextCategorizationTask/STIMULI/Context_Images/carrot_2.png,bookstore,/Users/mehtaka/Desktop/Columbia/Nuttida_Lab/Utah/ContextCategorizationTask/STIMULI/Context_Images/bookstore_2.png,control_context
42,Shape_2_2,/Users/mehtaka/Desktop/Columbia/Nuttida_Lab/Utah/ContextCategorizationTask/STIMULI/Shapes/Shape_2_2.png,acorn,cinema,acorn,/Users/mehtaka/Desktop/Columbia/Nuttida_Lab/Utah/ContextCategorizationTask/STIMULI/Context_Images/acorn2.png,cinema,/Users/mehtaka/Desktop/Columbia/Nuttida_Lab/Utah/ContextCategorizationTask/STIMULI/Context_Images/cinema_2.png,control_context
43,Shape_1_2,/Users/mehtaka/Desktop/Columbia/Nuttida_Lab/Utah/ContextCategorizationTask/STIMULI/Shapes/Shape_1_2.png,pond,wall,pond,/Users/mehtaka/Desktop/Columbia/Nuttida_Lab/Utah/ContextCategorizationTask/STIMULI/Context_Images/pond2.png,wall,/Users/mehtaka/Desktop/Columbia/Nuttida_Lab/Utah/ContextCategorizationTask/STIMULI/Context_Images/wall_2.png,control_context
44,Shape_3_3,/Users/mehtaka/Desktop/Columbia/Nuttida_Lab/Utah/ContextCategorizationTask/STIMULI/Shapes/Shape_3_3.png,acorn,wall,wall,/Users/mehtaka/Desktop/Columbia/Nuttida_Lab/Utah/ContextCategorizationTask/STIMULI/Context_Images/wall_2.png,acorn,/Users/mehtaka/Desktop/Columbia/Nuttida_Lab/Utah/ContextCategorizationTask/STIMULI/Context_Images/acorn2.png,control_context_swapped
45,Shape_3_1,/Users/mehtaka/Desktop/Columbia/Nuttida_Lab/Utah/ContextCategorizationTask/STIMULI/Shapes/Shape_3_1.png,sky,bedroom,bedroom,/Users/mehtaka/Desktop/Columbia/Nuttida_Lab/Utah/ContextCategorizationTask/STIMULI/Context_Images/bedroom1.png,sky,/Users/mehtaka/Desktop/Columbia/Nuttida_Lab/Utah/ContextCategorizationTask/STIMULI/Context_Images/sky1.png,context_swapped
46,Shape_3_2,/Users/mehtaka/Desktop/Columbia/Nuttida_Lab/Utah/ContextCategorizationTask/STIMULI/Shapes/Shape_3_2.png,acorn,bedroom,bedroom,/Users/mehtaka/Desktop/Columbia/Nuttida_Lab/Utah/ContextCategorizationTask/STIMULI/Context_Images/bedroom1.png,acorn,/Users/mehtaka/Desktop/Columbia/Nuttida_Lab/Utah/ContextCategorizationTask/STIMULI/Context_Images/acorn1.png,context_swapped
47,Shape_3_3,/Users/mehtaka/Desktop/Columbia/Nuttida_Lab/Utah/ContextCategorizationTask/STIMULI/Shapes/Shape_3_3.png,acorn,wall,acorn,/Users/mehtaka/Desktop/Columbia/Nuttida_Lab/Utah/ContextCategorizationTask/STIMULI/Context_Images/acorn2.png,wall,/Users/mehtaka/Desktop/Columbia/Nuttida_Lab/Utah/ContextCategorizationTask/STIMULI/Context_Images/wall_2.png,control_context
48,Shape_2_0,/Users/mehtaka/Desktop/Columbia/Nuttida_Lab/Utah/ContextCategorizationTask/STIMULI/Shapes/Shape_2_0.png,sky,wall,wall,/Users/mehtaka/Desktop/Columbia/Nuttida_Lab/Utah/ContextCategorizationTask/STIMULI/Context_Images/wall_2.png,sky,/Users/mehtaka/Desktop/Columbia/Nuttida_Lab/Utah/ContextCategorizationTask/STIMULI/Context_Images/sky2.png,control_context_swapped
49,Shape_2_1,/Users/mehtaka/Desktop/Columbia/Nuttida_Lab/Utah/ContextCategorizationTask/STIMULI/Shapes/Shape_2_1.png,sky,bedroom,sky,/Users/mehtaka/Desktop/Columbia/Nuttida_Lab/Utah/ContextCategorizationTask/STIMULI/Context_Images/sky2.png,bedroom,/Users/mehtaka/Desktop/Columbia/Nuttida_Lab/Utah/ContextCategorizationTask/STIMULI/Context_Images/bedroom2.png,control_context
50,Shape_3_3,/Users/mehtaka/Desktop/Columbia/Nuttida_Lab/Utah/ContextCategorizationTask/STIMULI/Shapes/Shape_3_3.png,acorn,wall,wall,/Users/mehtaka/Desktop/Columbia/Nuttida_Lab/Utah/ContextCategorizationTask/STIMULI/Context_Images/wall_1.png,acorn,/Users/mehtaka/Desktop/Columbia/Nuttida_Lab/Utah/ContextCategorizationTask/STIMULI/Context_Images/acorn1.png,context_swapped
51,Shape_3_1,/Users/mehtaka/Desktop/Columbia/Nuttida_Lab/Utah/ContextCategorizationTask/STIMULI/Shapes/Shape_3_1.png,sky,bedroom,bedroom,/Users/mehtaka/Desktop/Columbia/Nuttida_Lab/Utah/ContextCategorizationTask/STIMULI/Context_Images/bedroom2.png,sky,/Users/mehtaka/Desktop/Columbia/Nuttida_Lab/Utah/ContextCategorizationTask/STIMULI/Context_Images/sky2.png,control_context_swapped
52,Shape_3_0,/Users/mehtaka/Desktop/Columbia/Nuttida_Lab/Utah/ContextCategorizationTask/STIMULI/Shapes/Shape_3_0.png,sky,cinema,sky,/Users/mehtaka/Desktop/Columbia/Nuttida_Lab/Utah/ContextCategorizationTask/STIMULI/Context_Images/sky1.png,cinema,/Users/mehtaka/Desktop/Columbia/Nuttida_Lab/Utah/ContextCategorizationTask/STIMULI/Context_Images/cinema_1.png,original
53,Shape_0_3,/Users/mehtaka/Desktop/Columbia/Nuttida_Lab/Utah/ContextCategorizationTask/STIMULI/Shapes/Shape_0_3.png,pond,cinema,pond,/Users/mehtaka/Desktop/Columbia/Nuttida_Lab/Utah/ContextCategorizationTask/STIMULI/Context_Images/pond2.png,cinema,/Users/mehtaka/Desktop/Columbia/Nuttida_Lab/Utah/ContextCategorizationTask/STIMULI/Context_Images/cinema_2.png,control_context
54,Shape_3_0,/Users/mehtaka/Desktop/Columbia/Nuttida_Lab/Utah/ContextCategorizationTask/STIMULI/Shapes/Shape_3_0.png,sky,cinema,cinema,/Users/mehtaka/Desktop/Columbia/Nuttida_Lab/Utah/ContextCategorizationTask/STIMULI/Context_Images/cinema_1.png,sky,/Users/mehtaka/Desktop/Columbia/Nuttida_Lab/Utah/ContextCategorizationTask/STIMULI/Context_Images/sky1.png,context_swapped
55,Shape_0_0,/Users/mehtaka/Desktop/Columbia/Nuttida_Lab/Utah/ContextCategorizationTask/STIMULI/Shapes/Shape_0_0.png,carrot,cinema,cinema,/Users/mehtaka/Desktop/Columbia/Nuttida_Lab/Utah/ContextCategorizationTask/STIMULI/Context_Images/cinema_2.png,carrot,/Users/mehtaka/Desktop/Columbia/Nuttida_Lab/Utah/ContextCategorizationTask/STIMULI/Context_Images/carrot_2.png,control_context_swapped
56,Shape_0_2,/Users/mehtaka/Desktop/Columbia/Nuttida_Lab/Utah/ContextCategorizationTask/STIMULI/Shapes/Shape_0_2.png,pond,bookstore,pond,/Users/mehtaka/Desktop/Columbia/Nuttida_Lab/Utah/ContextCategorizationTask/STIMULI/Context_Images/pond2.png,bookstore,/Users/mehtaka/Desktop/Columbia/Nuttida_Lab/Utah/ContextCategorizationTask/STIMULI/Context_Images/bookstore_2.png,control_context
57,Shape_1_3,/Users/mehtaka/Desktop/Columbia/Nuttida_Lab/Utah/ContextCategorizationTask/STIMULI/Shapes/Shape_1_3.png,pond,bookstore,bookstore,/Users/mehtaka/Desktop/Columbia/Nuttida_Lab/Utah/ContextCategorizationTask/STIMULI/Context_Images/bookstore_1.png,pond,/Users/mehtaka/Desktop/Columbia/Nuttida_Lab/Utah/ContextCategorizationTask/STIMULI/Context_Images/pond1.png,context_swapped
58,Shape_1_2,/Users/mehtaka/Desktop/Columbia/Nuttida_Lab/Utah/ContextCategorizationTask/STIMULI/Shapes/Shape_1_2.png,pond,wall,pond,/Users/mehtaka/Desktop/Columbia/Nuttida_Lab/Utah/ContextCategorizationTask/STIMULI/Context_Images/pond1.png,wall,/Users/mehtaka/Desktop/Columbia/Nuttida_Lab/Utah/ContextCategorizationTask/STIMULI/Context_Images/wall_1.png,original
59,Shape_2_2,/Users/mehtaka/Desktop/Columbia/Nuttida_Lab/Utah/ContextCategorizationTask/STIMULI/Shapes/Shape_2_2.png,acorn,cinema,acorn,/Users/mehtaka/Desktop/Columbia/Nuttida_Lab/Utah/ContextCategorizationTask/STIMULI/Context_Images/acorn1.png,cinema,/Users/mehtaka/Desktop/Columbia/Nuttida_Lab/Utah/ContextCategorizationTask/STIMULI/Context_Images/cinema_1.png,original
60,Shape_1_0,/Users/mehtaka/Desktop/Columbia/Nuttida_Lab/Utah/ContextCategorizationTask/STIMULI/Shapes/Shape_1_0.png,carrot,bedroom,bedroom,/Users/mehtaka/Desktop/Columbia/Nuttida_Lab/Utah/ContextCategorizationTask/STIMULI/Context_Images/bedroom1.png,carrot,/Users/mehtaka/Desktop/Columbia/Nuttida_Lab/Utah/ContextCategorizationTask/STIMULI/Context_Images/carrot_1.png,context_swapped
61,Shape_2_1,/Users/mehtaka/Desktop/Columbia/Nuttida_Lab/Utah/ContextCategorizationTask/STIMULI/Shapes/Shape_2_1.png,sky,bedroom,bedroom,/Users/mehtaka/Desktop/Columbia/Nuttida_Lab/Utah/ContextCategorizationTask/STIMULI/Context_Images/bedroom1.png,sky,/Users/mehtaka/Desktop/Columbia/Nuttida_Lab/Utah/ContextCategorizationTask/STIMULI/Context_Images/sky1.png,context_swapped
62,Shape_0_1,/Users/mehtaka/Desktop/Columbia/Nuttida_Lab/Utah/ContextCategorizationTask/STIMULI/Shapes/Shape_0_1.png,carrot,bookstore,bookstore,/Users/mehtaka/Desktop/Columbia/Nuttida_Lab/Utah/ContextCategorizationTask/STIMULI/Context_Images/bookstore_2.png,carrot,/Users/mehtaka/Desktop/Columbia/Nuttida_Lab/Utah/ContextCategorizationTask/STIMULI/Context_Images/carrot_2.png,control_context_swapped
63,Shape_1_0,/Users/mehtaka/Desktop/Columbia/Nuttida_Lab/Utah/ContextCategorizationTask/STIMULI/Shapes/Shape_1_0.png,carrot,bedroom,bedroom,/Users/mehtaka/Desktop/Columbia/Nuttida_Lab/Utah/ContextCategorizationTask/STIMULI/Context_Images/bedroom2.png,carrot,/Users/mehtaka/Desktop/Columbia/Nuttida_Lab/Utah/ContextCategorizationTask/STIMULI/Context_Images/carrot_2.png,control_context_swapped
64,Shape_0_3,/Users/mehtaka/Desktop/Columbia/Nuttida_Lab/Utah/ContextCategorizationTask/STIMULI/Shapes/Shape_0_3.png,pond,cinema,pond,/Users/mehtaka/Desktop/Columbia/Nuttida_Lab/Utah/ContextCategorizationTask/STIMULI/Context_Images/pond1.png,cinema,/Users/mehtaka/Desktop/Columbia/Nuttida_Lab/Utah/ContextCategorizationTask/STIMULI/Context_Images/cinema_1.png,original
